{
  "type": "linear_regression",
  "dataset": "california_housing",
  "feature_names": [
    "MedInc",
    "HouseAge",
    "AveRooms",
    "AveBedrms",
    "Population",
    "AveOccup",
    "Latitude",
    "Longitude"
  ],
  "coefficients": [
    0.8543830309268535,
    0.12254623807840515,
    -0.29441013447330067,
    0.33925949059448524,
    -0.002307723145830184,
    -0.04082910308508761,
    -0.8969288766386607,
    -0.8698417752417125
  ],
  "intercept": 2.071946937378619,
  "scaler_mean": [
    3.8807542575097025,
    28.60828488372093,
    5.435235020487511,
    1.0966847487895384,
    1426.453003875969,
    3.096961194668754,
    35.64314922480603,
    -119.58229045542558
  ],
  "scaler_scale": [
    1.904236257747077,
    12.602117730095111,
    2.387302579723397,
    0.4332014262644869,
    1137.0219480466546,
    11.578393509846865,
    2.136600595041553,
    2.005592806566646
  ],
  "sample_data": {
    "X": [
      [
        3.1917,
        6.0,
        7.058011049723757,
        1.441988950276243,
        1938.0,
        2.6767955801104972,
        34.57,
        -117.1
      ],
      [
        5.2939,
        35.0,
        6.08314606741573,
        1.002247191011236,
        1224.0,
        2.750561797752809,
        34.24,
        -118.49
      ],
      [
        3.01,
        26.0,
        4.010165184243965,
        1.0889453621346887,
        2394.0,
        3.0419313850063534,
        33.93,
        -118.35
      ],
      [
        6.5249,
        34.0,
        6.667844522968198,
        1.0247349823321554,
        815.0,
        2.8798586572438163,
        38.03,
        -122.56
      ],
      [
        4.5096,
        21.0,
        5.956958393113343,
        1.0086083213773314,
        2255.0,
        3.235294117647059,
        32.85,
        -116.91
      ],
      [
        5.8053,
        24.0,
        6.4576271186440675,
        0.9813559322033898,
        1818.0,
        3.08135593220339,
        33.77,
        -118.03
      ],
      [
        2.9318,
        26.0,
        5.40669014084507,
        1.0827464788732395,
        2156.0,
        3.795774647887324,
        32.68,
        -117.08
      ],
      [
        2.5104,
        38.0,
        5.6798866855524075,
        1.0906515580736544,
        882.0,
        2.498583569405099,
        38.73,
        -120.81
      ],
      [
        3.1827,
        31.0,
        5.771653543307087,
        1.0393700787401574,
        608.0,
        2.393700787401575,
        38.02,
        -121.33
      ],
      [
        2.6471,
        16.0,
        4.0986666666666665,
        0.9706666666666667,
        1125.0,
        3.0,
        38.58,
        -121.3
      ],
      [
        5.8142,
        28.0,
        7.648648648648648,
        1.2378378378378379,
        898.0,
        2.427027027027027,
        36.49,
        -121.88
      ],
      [
        2.4286,
        34.0,
        3.7728494623655915,
        1.032258064516129,
        2217.0,
        2.9798387096774195,
        33.82,
        -118.2
      ],
      [
        4.6336,
        2.0,
        4.96078431372549,
        1.1019607843137256,
        1066.0,
        2.0901960784313727,
        33.58,
        -117.71
      ],
      [
        2.9352,
        38.0,
        4.043731778425656,
        0.9825072886297376,
        713.0,
        2.0787172011661808,
        34.15,
        -118.44
      ],
      [
        8.1132,
        45.0,
        6.87905604719764,
        1.0117994100294985,
        943.0,
        2.781710914454277,
        34.18,
        -118.23
      ],
      [
        3.4934,
        25.0,
        4.791549295774648,
        1.0676056338028168,
        1645.0,
        2.316901408450704,
        37.7,
        -122.08
      ],
      [
        4.6042,
        20.0,
        5.106481481481482,
        1.0601851851851851,
        926.0,
        2.1435185185185186,
        37.82,
        -122.0
      ],
      [
        10.1882,
        38.0,
        7.401883830455259,
        1.084772370486656,
        1660.0,
        2.6059654631083204,
        34.04,
        -118.51
      ],
      [
        4.125,
        6.0,
        7.214285714285714,
        1.0357142857142858,
        75.0,
        2.6785714285714284,
        33.82,
        -117.54
      ],
      [
        4.425,
        26.0,
        5.123134328358209,
        1.2537313432835822,
        608.0,
        2.2686567164179103,
        32.85,
        -117.27
      ],
      [
        5.3169,
        10.0,
        5.769886363636363,
        1.0142045454545454,
        867.0,
        2.4630681818181817,
        37.66,
        -122.04
      ],
      [
        4.0,
        38.0,
        5.1658536585365855,
        1.0634146341463415,
        561.0,
        2.7365853658536587,
        33.86,
        -118.33
      ],
      [
        4.0815,
        21.0,
        5.166666666666667,
        1.0026881720430108,
        1130.0,
        3.0376344086021505,
        37.79,
        -121.23
      ],
      [
        2.9632,
        44.0,
        5.2696969696969695,
        1.0393939393939393,
        872.0,
        2.6424242424242426,
        37.75,
        -122.5
      ],
      [
        6.2654,
        17.0,
        6.570637119113574,
        1.005540166204986,
        3538.0,
        3.2668513388734994,
        34.16,
        -117.95
      ],
      [
        2.4943,
        45.0,
        4.447368421052632,
        1.086466165413534,
        900.0,
        3.3834586466165413,
        32.68,
        -117.1
      ],
      [
        3.2545,
        9.0,
        3.5186206896551724,
        1.1689655172413793,
        2609.0,
        1.7993103448275862,
        34.06,
        -118.44
      ],
      [
        2.06,
        40.0,
        5.28021978021978,
        1.0934065934065933,
        509.0,
        2.7967032967032965,
        34.15,
        -117.3
      ],
      [
        2.6098,
        13.0,
        5.042553191489362,
        1.1045328399629972,
        2957.0,
        2.7354301572617947,
        38.07,
        -122.24
      ],
      [
        1.7857,
        41.0,
        4.847184986595174,
        1.1662198391420913,
        1005.0,
        2.6943699731903483,
        35.41,
        -119.03
      ],
      [
        3.0804,
        14.0,
        6.162280701754386,
        1.1798245614035088,
        660.0,
        2.8947368421052633,
        39.11,
        -121.22
      ],
      [
        1.8355,
        34.0,
        5.1030303030303035,
        1.1272727272727272,
        635.0,
        3.8484848484848486,
        39.36,
        -121.69
      ],
      [
        6.0653,
        18.0,
        6.556732223903177,
        0.9697428139183056,
        1777.0,
        2.6883509833585477,
        35.63,
        -117.68
      ],
      [
        5.9345,
        23.0,
        7.287625418060201,
        1.0301003344481605,
        926.0,
        3.096989966555184,
        37.69,
        -121.91
      ],
      [
        4.0846,
        36.0,
        5.602434077079107,
        0.9574036511156186,
        1576.0,
        3.1967545638945234,
        33.94,
        -118.09
      ],
      [
        3.2216,
        39.0,
        4.48132183908046,
        1.089080459770115,
        1807.0,
        2.596264367816092,
        37.62,
        -122.41
      ],
      [
        4.125,
        32.0,
        4.668918918918919,
        1.0202702702702702,
        926.0,
        6.256756756756757,
        33.74,
        -117.86
      ],
      [
        3.755,
        40.0,
        3.876543209876543,
        1.0776014109347443,
        1023.0,
        1.8042328042328042,
        34.01,
        -118.48
      ],
      [
        5.3224,
        17.0,
        6.103633916554509,
        1.0255720053835802,
        1562.0,
        2.1022880215343203,
        38.0,
        -121.36
      ],
      [
        3.0096,
        42.0,
        3.8107142857142855,
        0.9142857142857143,
        608.0,
        2.1714285714285713,
        37.32,
        -121.91
      ],
      [
        7.1882,
        27.0,
